Aussie Tech Solutions,123 Main Street Sydney NSW 2000,(02) 1234 5678,info@aussietechsolutions.com
Kangaroo Caf√©,456 Outback Avenue Melbourne VIC 3000,(03) 9876 5432,contact@kangaroocafe.com
Sydney Surf Shack,789 Beach Road Bondi NSW 2026,(02) 9876 5432,surf@sydneysurfshack.com
Outback Adventures Pty Ltd,321 Wilderness Drive Alice Springs NT 0870,(08) 8765 4321,info@outbackadventures.com.au
Koala Electronics,567 Eucalyptus Lane Brisbane QLD 4000,(07) 7654 3210,sales@koalaelectronics.com.au
Aussie Outdoors Store,987 Bushland Road Perth WA 6000,(08) 2345 6789,info@aussieoutdoors.com
Blue Wombat Books,234 Kangaroo Court Adelaide SA 5000,(08) 3456 7890,books@bluewombatbooks.com.au
Sydney Sailboats,876 Harbor Drive Sydney NSW 2000,(02) 3456 7890,info@sydneysailboats.com
Great Barrier Tours,543 Coral Reef Road Cairns QLD 4870,(07) 6543 2109,info@greatbarriertours.com
Kookaburra Plumbing Services,123 Billabong Lane Darwin NT 0800,(08) 7654 3210,contact@kookaburraplumbing.com.au
Sunshine Solar Solutions,987 Solar Street Sunshine Coast QLD 4558,(07) 8765 4321,info@sunshinesolar.com.au
